matrix_size,iterations,cpu_time_ms,cpu_time_std_ms,accel_time_ms,accel_time_std_ms,speedup,cpu_gflops,accel_gflops,operations,matrix_elements
4×4,50,0.0006466812919825315,9.798158604099706e-05,0.24524005944840607,0.07661507389876134,0.0026369317208495505,0.09896683388473344,0.00026096878358270175,64,16
8×8,50,0.0008214992703869939,4.3348375688993226e-05,0.01233245973708108,0.04226815824636518,0.06661276727439218,0.6232507056991126,0.04151645421233568,512,64
16×16,50,0.002301581553183496,9.301536479560876e-05,0.016232480411417782,0.059216019981861406,0.14178865428136195,1.779645824122332,0.25233358649975085,4096,256
